{"name":"0872ba06-39c2-4ef8-a1f5-00574c620429","id":"/providers/Microsoft.Flow/flows/0872ba06-39c2-4ef8-a1f5-00574c620429","type":"Microsoft.Flow/flows","properties":{"apiId":"/providers/Microsoft.PowerApps/apis/shared_logicflows","displayName":"Update Power Plant Models (V2)","definition":{"metadata":{"workflowEntityId":null,"processAdvisorMetadata":null,"flowclientsuspensionreason":"None","flowclientsuspensiontime":null,"flowclientsuspensionreasondetails":null,"creator":{"id":"dfac4de4-15f4-4b79-99ae-e26f6933601e","type":"User","tenantId":"72f988bf-86f1-41af-91ab-2d7cd011db47","userPrincipalName":"jjaramillo@microsoft.com"},"provisioningMethod":"FromDefinition","failureAlertSubscription":true,"clientLastModifiedTime":"2022-10-24T19:16:16.6602643Z"},"$schema":"https://schema.management.azure.com/providers/Microsoft.Logic/schemas/2016-06-01/workflowdefinition.json#","contentVersion":"1.0.0.0","parameters":{"$connections":{"defaultValue":{},"type":"Object"},"$authentication":{"defaultValue":{},"type":"SecureObject"}},"triggers":{"When_a_pull_request_is_created_or_modified":{"metadata":{"operationMetadataId":"a4a9b27d-b1a4-41d6-a57a-a9095a415143"},"type":"OpenApiConnectionWebhook","inputs":{"host":{"apiId":"/providers/Microsoft.PowerApps/apis/shared_github","connectionName":"shared_github","operationId":"WebhookPullRequestTrigger"},"parameters":{"repositoryOwner":"jjaramillo98","repositoryName":"PowerPlantModels","Request body of webhook/events":["pull_request"]},"authentication":"@parameters('$authentication')"}}},"actions":{"Condition_-_PR_State":{"actions":{"Apply_to_each_-_Changed_File":{"foreach":"@body('Get_the_list_of_files_from_a_pull_request')","actions":{"Condition_-_File_Is_Json":{"actions":{"Compose_-_ModelName":{"runAfter":{},"metadata":{"operationMetadataId":"5c63d512-e7d2-4c5e-a53e-5135a2f6588f"},"type":"Compose","inputs":"@replace(substring(item()?['filename'], add(lastIndexOf(item()?['filename'], '/'), 1)), '.json', '')"},"Compose_-_ModelVersion":{"runAfter":{"Compose_-_ModelName":["Succeeded"]},"metadata":{"operationMetadataId":"36d3589d-d9f5-4334-9b5b-3383bdc39156"},"type":"Compose","inputs":"@replace(replace(substring(item()?['filename'], add(lastIndexOf(item()?['filename'], '/V'), 2)), outputs('Compose_-_ModelName'), ''), '/.json', '')"},"Compose_-_ModelId":{"runAfter":{"Compose_-_ModelVersion":["Succeeded"]},"metadata":{"operationMetadataId":"c7a10a33-73ca-4099-bbac-efb8e4d042bd"},"type":"Compose","inputs":"@concat('dtmi:assetGen:', outputs('Compose_-_ModelName'), ';', outputs('Compose_-_ModelVersion'))"},"Compose_-_PrevModelId":{"runAfter":{"Compose_-_ModelId":["Succeeded"]},"metadata":{"operationMetadataId":"235fbf6e-a597-4bf9-a334-2bf743fed6f8"},"type":"Compose","inputs":"@concat('dtmi:assetGen:', outputs('Compose_-_ModelName'), ';', string(add(int(outputs('Compose_-_ModelVersion')), -1)))"},"Query_API_-_Twin_By_Id":{"runAfter":{"Compose_-_PrevModelId":["Succeeded"]},"metadata":{"operationMetadataId":"9f750ecc-8ed2-4161-b919-b141ec20ce2f"},"type":"OpenApiConnection","inputs":{"host":{"apiId":"/providers/Microsoft.PowerApps/apis/shared_azuredigitaltwins","connectionName":"shared_azuredigitaltwins_1","operationId":"QueryTwins"},"parameters":{"body/query":"SELECT * FROM DIGITALTWINS DT WHERE IS_OF_MODEL(DT, '@{outputs('Compose_-_PrevModelId')}')"},"authentication":"@parameters('$authentication')"}},"Parse_JSON":{"runAfter":{"Query_API_-_Twin_By_Id":["Succeeded"]},"metadata":{"operationMetadataId":"df4eadc3-12da-4329-a925-9c06524499af"},"type":"ParseJson","inputs":{"content":"@outputs('Query_API_-_Twin_By_Id')?['body/value']","schema":{"type":"array","items":{"type":"object","properties":{"$dtId":{"type":"string"},"$etag":{"type":"string"},"$metadata":{"type":"object","properties":{"$model":{"type":"string"},"$lastUpdateTime":{"type":"string"}}}},"required":["$dtId","$etag","$metadata"]}}}},"Apply_to_each_-_Twin":{"foreach":"@body('Parse_JSON')","actions":{"Update_Twin_(String)":{"runAfter":{},"metadata":{"operationMetadataId":"56db7fda-8f16-4059-917f-6beaaf328f70"},"type":"OpenApiConnection","inputs":{"host":{"apiId":"/providers/Microsoft.PowerApps/apis/shared_azuredigitaltwins","connectionName":"shared_azuredigitaltwins_1","operationId":"UpdateTwinStringProp"},"parameters":{"twinid":"@items('Apply_to_each_-_Twin')['$dtId']","body":[{"op":"replace","path":"/$metadata/$model","value":"@outputs('Compose_-_ModelId')"}]},"authentication":"@parameters('$authentication')"}},"Post_message_in_a_chat_or_channel_2":{"runAfter":{"Update_Twin_(String)":["Succeeded"]},"metadata":{"operationMetadataId":"89e5413d-e965-4375-ab72-5dce61d9416d"},"type":"OpenApiConnection","inputs":{"host":{"apiId":"/providers/Microsoft.PowerApps/apis/shared_teams","connectionName":"shared_teams","operationId":"PostMessageToConversation"},"parameters":{"poster":"Flow bot","location":"Chat with Flow bot","body/recipient":"jjaramillo@microsoft.com","body/messageBody":"<p>Updated Twin - @{items('Apply_to_each_-_Twin')['$dtId']} from @{outputs('Compose_-_PrevModelId')} to @{outputs('Compose_-_ModelId')}</p>"},"authentication":"@parameters('$authentication')"}}},"runAfter":{"Parse_JSON":["Succeeded"]},"metadata":{"operationMetadataId":"cc27b84b-b8f9-4484-87dd-bea5e63df031"},"type":"Foreach"}},"runAfter":{},"expression":{"contains":["@item()?['filename']","json"]},"metadata":{"operationMetadataId":"762ba538-218a-457c-826e-22ac8d42149b"},"type":"If"}},"runAfter":{"Get_the_list_of_files_from_a_pull_request":["Succeeded"]},"metadata":{"operationMetadataId":"b08286f7-1305-46d0-870d-84f15bcc59e1"},"type":"Foreach"},"Delay_-_Wait_for_Model_Upload":{"runAfter":{},"metadata":{"operationMetadataId":"965bf6cb-54fa-4dc9-9442-b1ab21c7ac29"},"type":"Wait","inputs":{"interval":{"count":2,"unit":"Minute"}}},"Get_the_list_of_files_from_a_pull_request":{"runAfter":{"Delay_-_Wait_for_Model_Upload":["Succeeded"]},"metadata":{"operationMetadataId":"e8f0308a-dbe1-4fcd-b7d0-6fe9f81d5511"},"type":"OpenApiConnection","inputs":{"host":{"apiId":"/providers/Microsoft.PowerApps/apis/shared_github","connectionName":"shared_github","operationId":"GetPullRequestFiles"},"parameters":{"repositoryOwner":"jjaramillo98","repositoryName":"PowerPlantModels","pullNumber":"@triggerOutputs()?['body/number']"},"authentication":"@parameters('$authentication')"}}},"runAfter":{},"expression":{"equals":["@triggerOutputs()?['body/pull_request/state']","closed"]},"metadata":{"operationMetadataId":"0ecce121-0c69-4e5f-b732-59728940c625"},"type":"If"}}},"connectionReferences":{"shared_azuredigitaltwins_1":{"connectionName":"shared-azuredigitalt-4042c805-2f61-44bb-8c5f-6a1d39829600","source":"Embedded","id":"/providers/Microsoft.PowerApps/apis/shared_azuredigitaltwins","tier":"NotSpecified"},"shared_teams":{"connectionName":"shared-teams-cb0c9a98-353d-4a53-8a0a-e17c02ed3ed0","source":"Embedded","id":"/providers/Microsoft.PowerApps/apis/shared_teams","tier":"NotSpecified"},"shared_github":{"connectionName":"shared-github-0953a65e-6e34-4fdf-9b8b-c20d0e3f95e4","source":"Embedded","id":"/providers/Microsoft.PowerApps/apis/shared_github","tier":"NotSpecified"}},"flowFailureAlertSubscribed":false,"isManaged":false}}