{"name":"40ddaf02-ac56-4d21-ad9a-bcf7c7d111a8","id":"/providers/Microsoft.Flow/flows/40ddaf02-ac56-4d21-ad9a-bcf7c7d111a8","type":"Microsoft.Flow/flows","properties":{"apiId":"/providers/Microsoft.PowerApps/apis/shared_logicflows","displayName":"DigitalTwins - Update Ontology (V1)","definition":{"metadata":{"workflowEntityId":null,"processAdvisorMetadata":null,"flowclientsuspensionreason":"None","flowclientsuspensiontime":null,"flowclientsuspensionreasondetails":null,"creator":{"id":"dfac4de4-15f4-4b79-99ae-e26f6933601e","type":"User","tenantId":"72f988bf-86f1-41af-91ab-2d7cd011db47","userPrincipalName":"jjaramillo@microsoft.com"},"provisioningMethod":"FromDefinition","failureAlertSubscription":true,"clientLastModifiedTime":"2022-11-09T16:59:48.8612188Z"},"$schema":"https://schema.management.azure.com/providers/Microsoft.Logic/schemas/2016-06-01/workflowdefinition.json#","contentVersion":"1.0.0.0","parameters":{"$connections":{"defaultValue":{},"type":"Object"},"$authentication":{"defaultValue":{},"type":"SecureObject"}},"triggers":{"When_a_pull_request_is_created_or_modified":{"metadata":{"operationMetadataId":"a4a9b27d-b1a4-41d6-a57a-a9095a415143"},"type":"OpenApiConnectionWebhook","inputs":{"host":{"apiId":"/providers/Microsoft.PowerApps/apis/shared_github","connectionName":"shared_github","operationId":"WebhookPullRequestTrigger"},"parameters":{"repositoryOwner":"jjaramillo98","repositoryName":"PowerPlantModels","Request body of webhook/events":["pull_request"]},"authentication":"@parameters('$authentication')"}}},"actions":{"Condition_-_Pull_Request_Merged":{"actions":{"Apply_to_each_-_Compose_Models":{"foreach":"@body('Get_the_list_of_files_from_a_pull_request')","actions":{"Condition":{"actions":{"Compose_-_Redirect_Url":{"runAfter":{},"metadata":{"operationMetadataId":"127b1cd1-3d40-4bd8-8639-4ee28bdfccb8"},"type":"Compose","inputs":"@replace(replace(item()?['raw_url'], '/raw', ''), 'github.com', 'raw.githubusercontent.com')"},"HTTP":{"runAfter":{"Compose_-_Redirect_Url":["Succeeded"]},"metadata":{"operationMetadataId":"bcc2659b-e543-4a23-8ddd-0d3e40a781b7"},"type":"Http","inputs":{"method":"GET","uri":"@{replace(outputs('Compose_-_Redirect_Url'), '%2F', '/')}","headers":{"Accept":"*/*"}},"operationOptions":"SuppressWorkflowHeaders"},"Condition_-_Check_If_Valid_DTDL":{"actions":{"Get_Model_By_Id":{"runAfter":{},"metadata":{"operationMetadataId":"fba12b6f-0b49-4aa1-b04c-bfd24061f223"},"type":"OpenApiConnection","inputs":{"host":{"apiId":"/providers/Microsoft.PowerApps/apis/shared_azuredigitaltwinsfpa-20-5bsanravi-5d-5f5766c38a-5d12399467bf26f7","connectionName":"shared_azuredigitaltwinsfpa-20-5bsanravi-5d-5f5766c38a-5d12399467bf26f7_3","operationId":"GetModelById"},"parameters":{"modelid":"@outputs('Compose_-_Json_From_Repo')['@id']"},"authentication":"@parameters('$authentication')"}},"Condition_-_Model_Exists":{"actions":{"Compose":{"runAfter":{},"metadata":{"operationMetadataId":"9da7d663-d470-42e6-b52b-90179d816e51"},"type":"Compose","inputs":"@variables('Models')"},"Select":{"runAfter":{"Compose":["Succeeded"]},"metadata":{"operationMetadataId":"6da4b257-adde-46d6-922a-5118b765efdb"},"type":"Select","inputs":{"from":"@outputs('Compose')","select":"@if(equals(item()?['@id'], outputs('Compose_-_Json_From_Repo')?['@id']), outputs('Compose_-_Json_From_Repo'), item())"}},"Set_variable":{"runAfter":{"Select":["Succeeded"]},"metadata":{"operationMetadataId":"04e378be-9443-45f0-939d-1031c71427cb"},"type":"SetVariable","inputs":{"name":"Models","value":"@body('Select')"}}},"runAfter":{"Get_Model_By_Id":["Succeeded","Failed"]},"else":{"actions":{"Append_to_array_variable":{"runAfter":{},"metadata":{"operationMetadataId":"f392ee62-2870-4471-84fd-dbb3eb99626e"},"type":"AppendToArrayVariable","inputs":{"name":"Models","value":"@outputs('Compose_-_Json_From_Repo')"}}}},"expression":{"not":{"equals":["@outputs('Get_Model_By_Id')?['body/id']","@null"]}},"metadata":{"operationMetadataId":"b4305f50-7e53-4e2e-ae41-9d5e4431d540"},"type":"If"}},"runAfter":{"Compose_-_Json_From_Repo":["Succeeded"]},"expression":{"equals":["@equals(outputs('Compose_-_Json_From_Repo')['@context'], null)",false]},"metadata":{"operationMetadataId":"5b855846-104f-420a-bfe2-f05f8b5216ce"},"type":"If"},"Compose_-_Json_From_Repo":{"runAfter":{"HTTP":["Succeeded"]},"metadata":{"operationMetadataId":"ee2b639b-e304-47ed-afee-e0fb7535451f"},"type":"Compose","inputs":"@json(body('HTTP'))"}},"runAfter":{},"expression":{"contains":["@item()?['filename']","json"]},"metadata":{"operationMetadataId":"4a8a5bd8-943d-44ae-9ce0-445170dd9bca"},"type":"If"}},"runAfter":{"Get_the_list_of_files_from_a_pull_request":["Succeeded"]},"metadata":{"operationMetadataId":"b86ce6be-4c2a-4b01-93d2-c571a4d9a4ea"},"type":"Foreach"},"Condition_-_Models_Non_Empty":{"actions":{"Update_Twin_-_DeploymentRecord":{"runAfter":{"Add_Model":["Succeeded"]},"metadata":{"operationMetadataId":"4c06afda-830b-4b93-ba56-efe6e8bb90e6"},"type":"OpenApiConnection","inputs":{"host":{"apiId":"/providers/Microsoft.PowerApps/apis/shared_azuredigitaltwins","connectionName":"shared_azuredigitaltwins","operationId":"UpdateTwinStringProp"},"parameters":{"twinid":"DeploymentRecord","body":[{"op":"replace","path":"/Author","value":"@variables('Author')"},{"op":"replace","path":"/CommitId","value":"@variables('NodeId')"},{"op":"replace","path":"/ChangeURL","value":"@variables('ChangeURL')"}]},"authentication":"@parameters('$authentication')"}},"Apply_to_each_-_Delete_Model":{"foreach":"@variables('Models')","actions":{"Delete_Model":{"runAfter":{},"metadata":{"operationMetadataId":"1d4f9cbd-0b2e-43c9-9fe7-543ae1b82733"},"type":"OpenApiConnection","inputs":{"host":{"apiId":"/providers/Microsoft.PowerApps/apis/shared_azuredigitaltwinsfpa-20-5bsanravi-5d-5f5766c38a-5d12399467bf26f7","connectionName":"shared_azuredigitaltwinsfpa-20-5bsanravi-5d-5f5766c38a-5d12399467bf26f7_4","operationId":"DeleteModel"},"parameters":{"modelid":"@items('Apply_to_each_-_Delete_Model')['@id']"},"retryPolicy":{"type":"none"},"authentication":"@parameters('$authentication')"}}},"runAfter":{},"metadata":{"operationMetadataId":"e04720d1-d013-4a8e-b496-b3a745358944"},"type":"Foreach"},"Add_Model":{"runAfter":{"Apply_to_each_-_Delete_Model":["Succeeded"]},"metadata":{"operationMetadataId":"c0ee0e4d-089e-4216-9f53-08865eb72ad7"},"type":"OpenApiConnection","inputs":{"host":{"apiId":"/providers/Microsoft.PowerApps/apis/shared_azuredigitaltwinsfpa-20-5bsanravi-5d-5f5766c38a-5d12399467bf26f7","connectionName":"shared_azuredigitaltwinsfpa-20-5bsanravi-5d-5f5766c38a-5d12399467bf26f7_2","operationId":"AddModels"},"parameters":{"body":"@variables('Models')"},"authentication":"@parameters('$authentication')"}}},"runAfter":{"Apply_to_each_-_Compose_Models":["Succeeded"]},"expression":{"greater":["@length(variables('Models'))",0]},"metadata":{"operationMetadataId":"0fb0a9eb-c601-4a7c-b318-d50643226138"},"type":"If"},"List_Models":{"runAfter":{},"metadata":{"operationMetadataId":"6d424fed-e42f-42c1-ba48-357c025cdbf4"},"type":"OpenApiConnection","inputs":{"host":{"apiId":"/providers/Microsoft.PowerApps/apis/shared_azuredigitaltwinsfpa-20-5bsanravi-5d-5f5766c38a-5d12399467bf26f7","connectionName":"shared_azuredigitaltwinsfpa-20-5bsanravi-5d-5f5766c38a-5d12399467bf26f7","operationId":"ListModels"},"parameters":{"includeModelDefinition":"true"},"authentication":"@parameters('$authentication')"}},"Get_the_list_of_files_from_a_pull_request":{"runAfter":{"Apply_to_each":["Succeeded"]},"metadata":{"operationMetadataId":"e8f0308a-dbe1-4fcd-b7d0-6fe9f81d5511"},"type":"OpenApiConnection","inputs":{"host":{"apiId":"/providers/Microsoft.PowerApps/apis/shared_github","connectionName":"shared_github","operationId":"GetPullRequestFiles"},"parameters":{"repositoryOwner":"jjaramillo98","repositoryName":"PowerPlantModels","pullNumber":"@triggerOutputs()?['body/number']"},"authentication":"@parameters('$authentication')"}},"Apply_to_each":{"foreach":"@json(outputs('List_Models')?['body']['result'])['value']","actions":{"Append_to_array_variable_-_ModelList":{"runAfter":{},"metadata":{"operationMetadataId":"cab94f9c-a381-457f-857d-c5411ab4bcbe"},"type":"AppendToArrayVariable","inputs":{"name":"Models","value":"@items('Apply_to_each')['model']"}}},"runAfter":{"List_Models":["Succeeded"]},"metadata":{"operationMetadataId":"bf958347-d125-465d-ab05-78a8ae61d4bd"},"type":"Foreach"}},"runAfter":{"Initialize_variable_-_Models":["Succeeded"]},"expression":{"equals":["@triggerOutputs()?['body/pull_request/merged']",true]},"metadata":{"operationMetadataId":"0ecce121-0c69-4e5f-b732-59728940c625"},"type":"If"},"Initialize_variable_-_Models":{"runAfter":{"Initialize_variable_-_ChangeURL":["Succeeded"]},"metadata":{"operationMetadataId":"ae7bc3cb-dccd-4c18-ae69-05c2ab21a085"},"type":"InitializeVariable","inputs":{"variables":[{"name":"Models","type":"array"}]}},"Initialize_variable_-_Author":{"runAfter":{},"metadata":{"operationMetadataId":"e3dda2ac-9734-4d5d-bcca-772431f6fdc4"},"type":"InitializeVariable","inputs":{"variables":[{"name":"Author","type":"string","value":"@triggerOutputs()?['body/pull_request/user/login']"}]}},"Initialize_variable_-_NodeId":{"runAfter":{"Initialize_variable_-_Author":["Succeeded"]},"metadata":{"operationMetadataId":"e6b88182-6f4f-4337-9015-a991841f6309"},"type":"InitializeVariable","inputs":{"variables":[{"name":"NodeId","type":"string","value":"@triggerOutputs()?['body/pull_request/head/sha']"}]}},"Initialize_variable_-_ChangeURL":{"runAfter":{"Initialize_variable_-_NodeId":["Succeeded"]},"metadata":{"operationMetadataId":"4543e72d-9575-4f4b-a3b3-6317c54ec55a"},"type":"InitializeVariable","inputs":{"variables":[{"name":"ChangeURL","type":"string","value":"@triggerOutputs()?['body/pull_request/diff_url']"}]}}}},"connectionReferences":{"shared_azuredigitaltwinsfpa-20-5bsanravi-5d-5f5766c38a-5d12399467bf26f7_3":{"connectionName":"shared-azuredigitalt-38902daa-3371-49fa-af1b-a3091cf9b0cf","source":"Embedded","id":"/providers/Microsoft.PowerApps/apis/shared_azuredigitaltwinsfpa-20-5bsanravi-5d-5f5766c38a-5d12399467bf26f7","tier":"NotSpecified"},"shared_azuredigitaltwins":{"connectionName":"shared-azuredigitalt-137d902b-d248-42ce-b6ff-d288ef6d3681","source":"Embedded","id":"/providers/Microsoft.PowerApps/apis/shared_azuredigitaltwins","tier":"NotSpecified"},"shared_azuredigitaltwinsfpa-20-5bsanravi-5d-5f5766c38a-5d12399467bf26f7_4":{"connectionName":"shared-azuredigitalt-109b1e5b-1017-403f-aa3f-ac8cc77f9591","source":"Embedded","id":"/providers/Microsoft.PowerApps/apis/shared_azuredigitaltwinsfpa-20-5bsanravi-5d-5f5766c38a-5d12399467bf26f7","tier":"NotSpecified"},"shared_azuredigitaltwinsfpa-20-5bsanravi-5d-5f5766c38a-5d12399467bf26f7_2":{"connectionName":"shared-azuredigitalt-4dd76c49-e8b0-48ed-94b7-cb3c670c2cc7","source":"Embedded","id":"/providers/Microsoft.PowerApps/apis/shared_azuredigitaltwinsfpa-20-5bsanravi-5d-5f5766c38a-5d12399467bf26f7","tier":"NotSpecified"},"shared_azuredigitaltwinsfpa-20-5bsanravi-5d-5f5766c38a-5d12399467bf26f7":{"connectionName":"shared-azuredigitalt-46166955-dc3f-42ad-84b3-5c81ea0e0d67","source":"Embedded","id":"/providers/Microsoft.PowerApps/apis/shared_azuredigitaltwinsfpa-20-5bsanravi-5d-5f5766c38a-5d12399467bf26f7","tier":"NotSpecified"},"shared_github":{"connectionName":"shared-github-0953a65e-6e34-4fdf-9b8b-c20d0e3f95e4","source":"Embedded","id":"/providers/Microsoft.PowerApps/apis/shared_github","tier":"NotSpecified"}},"flowFailureAlertSubscribed":false,"isManaged":false}}